{"initial_reset_timestamp": 1637618055.323568, "timestamps": [1637618071.3602033, 1637618084.7558544, 1637618102.6790404, 1637618114.6810439, 1637618128.8476524, 1637618141.0779243, 1637618158.907513, 1637618176.847154, 1637618190.3796513, 1637618208.0872178], "episode_lengths": [826, 847, 1000, 747, 752, 746, 1000, 1000, 758, 1000], "episode_rewards": [917.3999999999855, 915.2999999999877, 892.9328621907949, 925.299999999986, 924.7999999999939, 925.3999999999853, 886.062717770019, 885.9154929577265, 924.1999999999852, 886.8852459016244], "episode_types": ["t", "t", "t", "t", "t", "t", "t", "t", "t", "t", "t", "t", "t", "t", "t", "t", "t", "t", "t", "t"]}