{"initial_reset_timestamp": 1637093336.6085486, "timestamps": [1637093359.5108976, 1637093369.8007436, 1637093377.883296, 1637093387.1131659, 1637093404.1247334, 1637093413.2442355, 1637093423.312945, 1637093432.018262, 1637093442.1187167, 1637093451.9320486], "episode_lengths": [1000, 1000, 1000, 1000, 1000, 1000, 1000, 1000, 1000, 1000], "episode_rewards": [654.2087542087422, 868.7499999999869, 890.0662251655529, 750.3649635036336, 78.03030303030764, 724.3243243243103, 685.9327217125269, 579.1277258566876, 610.5263157894627, 839.2857142856981], "episode_types": ["t", "t", "t", "t", "t", "t", "t", "t", "t", "t", "t", "t", "t", "t", "t", "t", "t", "t", "t", "t"]}