{"initial_reset_timestamp": 1637226556.0905988, "timestamps": [1637226577.1188657, 1637226593.9619458, 1637226610.8207407, 1637226627.8539422, 1637226644.758532, 1637226662.033307, 1637226679.2869134, 1637226696.8623135, 1637226713.275954, 1637226730.434931], "episode_lengths": [1000, 1000, 1000, 1000, 1000, 1000, 1000, 1000, 1000, 1000], "episode_rewards": [668.0250783698923, 669.716088328063, 446.35761589403387, 632.142857142845, 839.5973154362254, 685.9327217125227, 858.3333333333145, 592.0415224913452, 896.4539007092067, 392.7536231884001], "episode_types": ["t", "t", "t", "t", "t", "t", "t", "t", "t", "t", "t", "t", "t", "t", "t", "t", "t", "t", "t", "t"]}