{"initial_reset_timestamp": 1637617621.388678, "timestamps": [1637617642.5491278, 1637617655.982478, 1637617671.1857083, 1637617684.0099163, 1637617697.0598533, 1637617715.5082643, 1637617733.5118282], "episode_lengths": [1000, 782, 858, 740, 747, 1000, 1000], "episode_rewards": [893.3554817275642, 921.7999999999936, 914.1999999999862, 925.999999999994, 925.2999999999959, 893.6305732483861, 896.6777408637769], "episode_types": ["t", "t", "t", "t", "t", "t", "t", "t", "t", "t", "t", "t", "t", "t", "t"]}